식당,평점,주요 메뉴,키워드,요약,VOC
진주집 여의도,4.3,"콩국수,비빔국수","식신로드,혼밥,무료주차,저녁식사","진주집 콩국수,비빔국수","""딱 저녁 식사하고 나오기 좋아요."""
차알 여의도 IFC몰점,4.4,"중식,퓨전중식","데이트,무료주차,캐주얼한,저녁식사","차알 여의도 IFC몰점 중식,퓨전중식","""급하게 들어간 곳인데 괜찮은 중식집이었음 메뉴도 빠르게 나오고 따뜻하고 맛있게 먹었어요"""
오복수산 여의도점,4,"카이센동,우니","데이트,무료주차,고급스러운,저녁식사","오복수산 여의도점 카이센동,우니","""식당에 개별룸이 3개 정도 있고 , 거기는 여의도를을 내다볼수 있는 뷰가 있어요. 장어덮밥을 먹었는데, 적당한 간장양념을 밥위에 뿌려 비벼먹고 위에 장어는 간장에 찍어 먹었"""
다미 여의도,3.9,"생선구이,메로구이","수요미식회,술모임,시끌벅적한,저녁식사","다미 생선구이,메로구이","""술마시기 넘모 좋은!!!! 꼬치는 넘빨리 먹으니까 알탕같이시키면 꽤 오래 먹을수 있다."""
대원앤대원 여의도,4.3,"이자카야,생선구이","식객허영만의백반기행,술모임,무료주차,저녁식사","대원앤대원 이자카야,생선구이","""여의도 한복판에 위치한 로바다야끼! 점심엔 생선구이, 저녁엔 특사시미 코스나 각종 나베, 튀김, 꼬치 까지 다양한 이자카야 메뉴를 즐길 수 있어요 특히 사시미가 딱 식감좋게 숙성"""
진진 여의도점,4.4,"만두국,어복쟁반","다코숨은맛집,식사모임,배달,저녁식사","진진 여의도점 만두국,어복쟁반","""방송에도 나온 유명한 집이라 예약하고 방문했어요 어복쟁반이라는걸 처음 들어봤는데 버섯, 야채, 만두, 수육, 낙지까지 푸짐하게 나와서 놀랐어요 어복쟁만 중자 시켰는데 따뜻하고 바삭"""
바스버거 여의도,4,"수제버거,버거","데이트,무료주차,배달,저녁식사","바스버거 수제버거,버거","""햄버거집인데 감자튀김이 무한리필됨 소스도 무한리필... 햄버거도 맛있었는데 감튀가 너무 맛있었다"""
온미동 연남동,4.7,"일본가정식,사케동","데이트,깔끔한,바테이블,저녁식사","온미동 일본가정식,사케동","""사케동 먹으러 자주 방문하는 곳입니다 맛있고 직원들이 친절해요"""
사대부집곳간 여의도,4.2,"한식반상,떡갈비","밥블레스유,가족외식,무료주차,저녁식사","사대부집곳간 한식반상,떡갈비","""전체적으로 맛있고 퀄리티가 좋아서 아주 마음에 들었습니다. 어른들이나 귀한분들 모시기에도 좋을 것 같아요"""
제일제면소 여의도IFC점,3.8,"국수,회전식샤브샤브","식사모임,무료주차,배달,저녁식사","제일제면소 여의도IFC점 국수,회전식샤브샤브","""여기서 냉면은 처음 먹어봤는데 정말 맛있었어요! 들깨막국수도 먹었는데 들깨가 그대로 들어가있어서 엄청 고소해서 맛있게 잘먹었어요! 다만 태블릿으로 주문하는데 주문한 음식과 금액이"""
콘타이 ifc몰,3.9,태국음식,"데이트,무료주차,이국적/이색적,저녁식사",콘타이 태국음식,"""토욜 3-4시에 웨이팅은 1-2팀 정도 였구요 맛은 보통인데 식당 내부에 테이블이 많아서 직원들이 꽤 바쁜것같아여 ㅎㅎ 친구들은 매운 볶음밥이 맛있다구 추천했어요 갠적으로 볶은"""
아그라 여의도IFC몰점,4.2,"인도음식,커리","데이트,무료주차,이국적/이색적,저녁식사","아그라 여의도IFC몰점 인도음식,커리","""인도 커리 맛집인데, 세트 메뉴 위주로 운영되고 있다. 세트 내에서 내용물을 고르면 되어서 편하고 세트 내 선택지(특히 커리)가 제법 넓은 편이다. 다른 인도 커리집 세트 메뉴에"""
신동양반점 여의도,4.6,"짜장면,비건","식사모임,무료주차,배달,저녁식사","신동양반점 짜장면,비건","""요리속 배료 하나하나에 신선함과 진심이 느껴지는 물기 없이 바싹 볶아내어 식감이 살아있네요 배가 불러 식사는 못했지만 다음에 꼭 먹어 보고 싶은 생각이 들었어요"""
창고43 본점1관,4.3,"소고기,한우","식사모임,무료주차,고급스러운,저녁식사","창고43 본점1관 소고기,한우","""분위기 좋고 편히 먹을 수 있는 소고기집인 창고43 다 구워주시기때문에 편하게 먹을 수 있어 좋고, 직원분들이 상당히 친절하시다 소고기 맛이 괜찮고, 식후 된장말이 밥도 맛있다 그"""
오복수산참치 여의도역,3.8,"참치,횟집","식사모임,무료주차,깔끔한,저녁식사","오복수산참치 참치,횟집","""카이센동 먹고싶을때마다 오는데 양도 많고 신선해서 좋아요"""
옥된장 여의도점,4.7,"전골,된장","식사모임,무료주차,서민적인,저녁식사","옥된장 여의도점 전골,된장","""된장전골을 고급스럽게? 먹을 수 있는 집 특별한 맛은 아니지만 기본기에 충실한 맛 밑반찬으로 나오는 볶음김치가 곁들여 먹기 딱 좋다!!"""
진가와 여의도,4.1,"일식,코스요리","술모임,무료주차,고급스러운,저녁식사","진가와 일식,코스요리","""면이 유명한 진가와~~면이 일본현지에서 공수된다고 하는데 완전 탱글탱글 하네요 정식메뉴에는 다양한 반찬도 나오고 튀김, 면요리, 스시, 사시미까지 골고루 있어 좋네요~~ 우동"""
야마야 여의도,4.2,"이자카야,모츠나베","데이트,무료주차,캐주얼한,저녁식사","야마야 이자카야,모츠나베","""진짜 세트 구성도 좋고 너무너무 맛있음 ㅠㅠ 다 맛있었음 나베에 우엉이 너무 많고 전반적인 가격은 좀 나가지만 맛있음"""
사위식당 여의도점,4.6,"낙곱새,밀면","회식,무료주차,배달,저녁식사","사위식당 여의도점 낙곱새,밀면","""손님이 많았고 젊은 직원분들이 대부분 친절하셨고 매장자리도 4인석이 넓은편에 속하는 거 같음 낙곱새 보통 맵지않았고 양이 조금 적어서 밥 반을 남기게됨 ㅜ"""
브루클린 더 버거 조인트 여의도점,4.2,"버거,수제버거","데이트,무료주차,캐주얼한,저녁식사","브루클린 더 버거 조인트 여의도점 버거,수제버거","""최애 수제버거집이에요. 어떤 지점에서 먹어도 모두 맛있네요! 그리고 밀크쉐이크 진짜진짜 엄청 맛있어요!!"""
테이스팅룸 ifc몰,4,"파스타,시금치플랫브레드","데이트,무료주차,배달,저녁식사","테이스팅룸 파스타,시금치플랫브레드","""사람많은 주말 아이파크 몰에서 카페를 찾아 헤메다가 들어갔어요. 차만 마시고 나오는 것도 가능해서(이용시간 한시간 반) 얘기 잘 하다 나왔어요. 치즈케이크는 부드러운 크림과 무스의"""
유방녕 더현대서울점,3.9,"짜장면,중식","식사모임,무료주차,깔끔한,저녁식사","유방녕 더현대서울점 짜장면,중식","""더현대 지하에 있는 중식당 가격은 ""여의도+백화점"" 공식을 따라 비싸고. 맛은 대부분 메뉴가 평타 이상. 잡채밥에 국물을 짬뽕국물로 준다면 조금 더 사랑받을 것"""
도원스타일 더현대서울점,4.2,"정통중국요리,중식당","데이트,무료주차,고급스러운,저녁식사","도원스타일 더현대서울점 정통중국요리,중식당","""음식이 전체적으로 깔끔하고 맛있습니다. 병아리콩 소스가 특이하고 좋아요"""
모던샤브하우스 여의도점,5,"샤브샤브,야채","식사모임,무료주차,깔끔한,저녁식사","모던샤브하우스 여의도점 샤브샤브,야채","""테이블 세팅은 야채 + 소고기, 돼지고기 깔리고 야채는 셀프로, 고기는 태블릿으로 리필 요청 하면 직원분이 가져다 주십니다."""
아루히 여의도,4.9,"스시오마카세,오마카세","술모임,주차,가성비좋은,저녁식사","아루히 스시오마카세,오마카세","""스시가 두툼하고 가성비 좋아요 예약이 어려운게 단점입니다"""
미도인 파이낸스여의도점,4.1,"스테이크덮밥,덮밥","데이트,무료주차,배달,저녁식사","미도인 파이낸스여의도점 스테이크덮밥,덮밥","""분위기 좋고 음식도 다 맛있어요 전 대창곱창덮밥이 맛있더라구요 음식이 빨리 나오는 편은 아니고 거의 90프로 웨이팅이 있어서 점심시간에 가고 싶어도 잘 못가요ㅠ 누구 데리고 가기"""
점보씨푸드 IFC몰점,4.5,"칠리크랩,싱가폴","가족외식,무료주차,고급스러운,저녁식사","점보씨푸드 IFC몰점 칠리크랩,싱가폴","""아주 굳! 나이스! 만족!! 좋아하는 메뉴들이 C 세트에 들어있어서 먹었는데 좋았다. 가격대는 싱가폴 보다 비싸진 느낌이지만 맛은 현지화가 됐는지 크랩은 좀 매콤해져서 내 취향에는"""
유일 양꼬치 여의도,3.5,"양꼬치,지삼선","회식,발렛파킹,배달,저녁식사","유일 양꼬치 양꼬치,지삼선","""여의도역 가까운 곳에서 양꼬치 먹기 좋았다 평일 저녁에도 사람이 많았음"""
제스트 여의도,3.8,"뷔페,호텔뷔페","식사모임,무료주차,고급스러운,저녁식사","제스트 뷔페,호텔뷔페","""생일맞이 콘래드 제스트 주말저녁방문~~주말이라 랍스터가 있었어요~~ 랍스터는 소스가 없어 좀 아쉬였지만 스테이크소스나 샐러드 소스와 함꺼 먹으니 좋았어요~~다른 음식도 괜찮아요"""
세상의모든아침 여의도,3.9,"브런치,레스토랑","데이트,주차,고급스러운,저녁식사","세상의모든아침 브런치,레스토랑","""7가지 메뉴 모두 맛있었고, 친절하셨어요 뷰 좋은건 유명하고...^^ 단체는 창가석이 없었어요~~ 음식양은 적은 편입니다. 이용시간 및 주차는 2시간 무료였고, 추가 10분당 1,"""
메밀단편 여의도,4.6,"메밀면,수육","데이트,주차,깔끔한,저녁식사","메밀단편 메밀면,수육","""매장도 너무 깔끔하고, 정장입은 분이 서비스해주시고 정말 친절하셨어요! 맛도 평양식은 별로 안좋아하는 편인데도 너무 맛있고 깔끔한 맛이었고~ 영수증리뷰로 받은 수육이 너무 맛있어서"""
을지다락 여의도,4.2,"파스타,오므라이스","데이트,무료주차,배달,저녁식사","을지다락 여의도 파스타,오므라이스","""주말 점심에 웨이팅없이 방문했어요. 더현대나 IFC몰에는 사람 너무 많을 것 같아서 일부러 떨어진 곳으로 갔는데 맛도 무난하게 좋았어요! 오므라이스는 베스트긴 한데 생각보다 평범해"""
용호동낙지 여의도점,3.7,"낙곱새,낙지","회식,무료주차,배달,저녁식사","용호동낙지 여의도점 낙곱새,낙지","""🐙낙곱새 스폐셜, 낙지새우파전 주문했어요! 낙곱새 정말 좋아하는데 양이 장난 아니더라고요. 특히 낙지가 진짜.. 가게 이름에 맞게 쫄깃한 낙지 맛이 진짜 일품이었어요🎉"""
함루 여의도점,3,장어덮밥,"데이트,주차,배달,저녁식사",함루 여의도점 장어덮밥,"""여의도역 인근 히츠마부시. 가격이 다소 부담스럽긴 하나 고급지고 조용한 분위기에 직원분들 접객이 좋아서 기분좋게 사케 한잔 하면서 데이트 하기 괜찮음. 일본 교토,나고야등지의 히츠"""
렌위치 여의도,4.5,"샌드위치,샐러드","혼밥,무료주차,배달,저녁식사","렌위치 샌드위치,샐러드","""올 때마다 레니스샌드위치 주문합니다. 파스트라미에 코울슬로가 들어간 기본에 충실한 미국식 핫샌드위치예요. 맛은 있는데 처음 생겼을 때 보다 가격이 많이 오른것 같아 아쉬워요ㅠ"""
이자와 여의도,3.6,"규카츠,돈토로동","데이트,주차,깔끔한,저녁식사","이자와 규카츠,돈토로동","""규카츠 한상 정갈하게 먹을 수 있는곳이에요 고기질, 양 전부 나쁘지않았어요 같이나오는 야채랑 장국도 괜찮았구요 냉모밀도 주문하면 둘이서 나눠먹을 수 있게 세팅해줘서 그부"""
완백부대찌개 여의도,3.9,"부대찌개,스팸","회식,주차,캐주얼한,저녁식사","완백부대찌개 부대찌개,스팸","""인기가 많네요 와글와글 바글배글 맛은 그저 그럽니다 평범"""
파이브가이즈 여의도점,4.1,"밀크쉐이크,햄버거","데이트,무료주차,시끌벅적한,저녁식사","파이브가이즈 여의도점 밀크쉐이크,햄버거","""너무너무 매장에 사람이 많아서 정신없어서 안쪽 자리에 앉는게 더 좋은 것 같아요! 땅콩 야무지고 햄버거 맛있어용 주문하는게 어려워서 친구 따라서 우다다 시켰네여..ㅎㅎ 감자튀김은"""
해화동 여의도,4.6,"해물탕,해물칼국수","식사모임,주차,푸짐한,저녁식사","해화동 해물탕,해물칼국수","""1. 장점 : 여러 번 방문하는 맛집, 된장 베이스의 해물탕이 인상적, 회사 밀집지역에서 이 정도 해산물 먹기 쉽지 않음 2. 단점 : 사람이 많아 가끔 해감이 덜 된 음식이 나"""
피그인더가든 여의도점,4.2,"샐러드,브런치","다이어트식단,주차,배달,저녁식사","피그인더가든 여의도점 샐러드,브런치","""음식도 깔끔하고 푸짐하고 맛있고 건강한 느낌이라 자주 와서 먹고 싶음"""
히바린 여의도IFC몰점,3.9,"카츠,반상","식사모임,무료주차,깔끔한,저녁식사","히바린 여의도IFC몰점 카츠,반상","""처음에 등심카츠가 덜익어 나와서 씹기 힘들었어요. 컴플레린하니 맛있게 익혀서 나왔습니다. 플레이팅이 깜끔해서 좋았어서 여럿이서 오신 직장인분들이 와서 식사하기 좋아보였어요. 또 바"""
도쿄등심 여의도점,4.3,"한우,소고기","데이트,무료주차,고급스러운,저녁식사","도쿄등심 여의도점 한우,소고기","""해산물부터 소고기까지 다양한 재료와 요리법으로 알찬 코스가 구성되어 있습니다. 콜키지 무료라는 점도 좋고 직원들이 친절해서 격식 있는 식사로 추천합니다."""
삼보정 여의도역,4,"청국장,돼지갈비","식신로드,혼밥,주차,저녁식사","삼보정 청국장,돼지갈비","""생삼겹이 맛있어요:) 청국장도 청국장이지만 고기맛집 느낌 15,000원이면 가성비 좋아요"""
송옥 여의도,4.2,"메밀국수,판메밀","혼밥,무료주차,캐주얼한,저녁식사","송옥 메밀국수,판메밀","""돈까스김치뚝배기랑 코다리비빔메밀 먹었는데 둘다 괜찮았어요 전 코다리가 아주 새콤하니 맛있더라구요 양도 많고~ 점심시간에 웨이팅 있어서 11시15분 전에는 가야겠어요 직원이 몇분안계"""
단디만 여의도,3.9,"돼지국밥,국밥","혼밥,무료주차,서민적인,저녁식사","단디만 돼지국밥,국밥","""깔끔한 돼지국밥집 세트로 수육 시켰는데 수육이 특히 맛있어요 반찬도 1인상으로 깔끔해서 좋아요"""
여의화로 여의도,4,"삼겹살,고기집","회식,주차,예약,저녁식사","여의화로 삼겹살,고기집","""맛도 있고 직접 구워줘서 좋은데 양이 좀 적어요ㅠㅠ 밥도 1500원이야ㅠㅠ"""
해우리 여의도점,4.3,"한정식,남도요리","접대,주차,고급스러운,저녁식사","해우리 여의도점 한정식,남도요리","""모든 룸이 있어서 프라이빗하게 먹을 수 있어 좋아요 점심 가성비 최고입니다!"""
에덴식당 여의도,4,"나물,산나물","다코숨은맛집,가족외식,무료주차,저녁식사","에덴식당 나물,산나물","""남원 지리산 부터 시작된 식당이 건강이슈로 문을 닫고 그 식당의 주인장의 지지를 받으며 그 노하우를 전수받은 분이 여의도에 오픈했다고 들었다. 지리산에서 직접 오는 각종 나물과 함"""
한암동 여의도점,4.4,"한정식,도미솥밥","식사모임,무료주차,격식있는,저녁식사","한암동 여의도점 한정식,도미솥밥","""음식 정갈하고 맛있네요. 도미솥밥 고슬고슬해서 좋았고 곰탕은 미니사이즈로 추가해서 먹으니까 양이 딱이였어요."""
칠암만장 더현대서울점,4.8,"솥밥,한식","식사모임,무료주차,깔끔한,저녁식사","칠암만장 더현대서울점 솥밥,한식","""한번먹으면 푸짐해서 완전든든함 그리고 건강한느낌이들어요 맛도있어서 또 재방문한곳..!!"""
뉴오리진 IFC몰점,4.1,브런치,"데이트,무료주차,깔끔한,저녁식사",뉴오리진 IFC몰점 브런치,"""주스를 마셔봤는데, 달달한 맛이었다. 가격이 너무 비싸서 IFC몰에 자리 없을때만 가기좋다."""
별미볶음점 여의도,4.5,"제육볶음,계란찜","다코숨은맛집,식사모임,서민적인,저녁식사","별미볶음점 제육볶음,계란찜","""찐~한 불맛 오삼불고기, 양파까지 센불에서 확 볶아주십니다~!! 양푼에 상추랑 김가루 넣어주시면 공깃밥 툭 넣어서 콩나물까지 쓱쓱 비벼서 김에 싸먹는 맛이 일품입니다!!"""
아트리오 여의도,4.1,"레스토랑,이탈리안레스토랑","데이트,무료주차,고급스러운,저녁식사","아트리오 레스토랑,이탈리안레스토랑","""동료들과 저녁 식사하러 감"""
고우가 여의도점,4.6,"한우오마카세,한식","식사모임,무료주차,고급스러운,저녁식사","고우가 여의도점 한우오마카세,한식","""트러플 스프나 가리비 관자 같은 음식이 맛있습니다 좋은 코스요리집입니다"""
10G 여의도,4.1,"카페,커피","데이트,무료주차,고급스러운,저녁식사","10G 카페,커피","""호텔안에 있는 커피숍인데 가격이 괜찮아요. 연휴때 아니면 조용히 차 마시기 좋습니다."""
동동국수 여의도점,4.7,"육개장칼국수,육칼","식사모임,주차,배달,저녁식사","동동국수 여의도점 육개장칼국수,육칼","""오픈15분쯤 전에 앞에서 서성였는데 여자사장님이 들어와도 괜찮다고하셔서 오픈전에 먼저 먹을 수 있었어요 요청하지않아도 앞치마를 미리 가져다 주셨는데 세제향이 솔솔나는게 식당에서 앞"""
한미옥 여의도직영점,4.3,"구절판,솥밥","식사모임,무료주차,고급스러운,저녁식사","한미옥 여의도직영점 구절판,솥밥","""좌석이 다 분리되어 있어서 대화하기 좋다 차돌삼합 갓ㅡ조합 너무 맛있다 먹기 좋게 조리 다 해주심 우리가 보통 아는 불판에 지글지글 기름진 차돌은 아니지만 , 깔끔하게 김치, 관자"""
황소갈비 여의도,4.1,"소고기,토시살","전지적참견시점,식사모임,무료주차,저녁식사","황소갈비 소고기,토시살","""갈비살하고 토시살 실컷 먹었네요... 된장찌개 불판 위에 올려놓고 된장찌개에 공기밥 반공기 넣고 고추 한개 잘라넣고 구운 고기 조금 잘라넣어서 드세요... 술안주로 괜찮습니다! 손"""
마마리다이닝 여의도ifc몰,4.2,"한식,반상","데이트,무료주차,깔끔한,저녁식사","마마리다이닝 한식,반상","""한상차림으로 나오는 한식, 음식재료가 하나하나 싱싱하고 조미료 맛 거의없이 깔끔한맛, 양이 많아 보이지 않지만 다 먹으니 든든하고 배부름니다. 육회도 싱싱하고 삼치조림은 짜지않고"""
더스테이크하우스 여의도 IFC점,4.1,"스테이크,파인다이닝","데이트,무료주차,고급스러운,저녁식사","더스테이크하우스 여의도 IFC점 스테이크,파인다이닝","""등심 스테이크 맛이 일품인 맛집입니다. 생일날에 갔는데 서비스도 좋고 맛있게 잘 먹었네요. 분위기 좋아서 만족했어요.2"""
투뿔등심 여의도점,3.7,"한우,숙성등심","식사모임,발렛파킹,고급스러운,저녁식사","투뿔등심 여의도점 한우,숙성등심","""정갈하게 먹기 좋았어요 ! 음식 맛있어요 ~ 쪼끔 비싸긴해용"""
신승반점 여의도점,4.1,"유니짜장,탕수육","회식,무료주차,깔끔한,저녁식사","신승반점 여의도점 유니짜장,탕수육","""짬뽕이 진짜 맛있습니다. 해물도 많이 들어가고 전복짬뽕의 전복도 큼지막해요. 간짜장도 너무 맛있고 군만두도 바삭바삭 맛있어요. 가게 깔끔하고 넓직하고 6자리도 많아요. 직원분들도"""
모퉁이네 여의도역,4.2,"떡볶이,즉석떡볶이","식사모임,서민적인,포장,저녁식사","모퉁이네 떡볶이,즉석떡볶이","""#여의도맛집 #모퉁이네 전부터 #여의도즉석떡볶이맛집 이라고 들었었는데 이번에 첨가봄~ 매장은 작은데 손님은 가득차있어서 놀랐음 대부분이 여자고 남자끼리 온 손님은 없었음 양도"""
탭퍼블릭 여의도점,3.7,"맥주,수제맥주","술모임,무료주차,캐주얼한,저녁식사","탭퍼블릭 여의도점 맥주,수제맥주","""저녁시간대엔 바글바글한 인기매장. 맥주를 원하는 만큼씩 따라 마실 수 있다. (맘먹으면 500원어치씩 20잔도 가능) 안주 맛은 쏘쏘한 편이지만 독특한 경험을 원한다면 충분히 가볼"""
이타마에 여의도,3.9,"이자카야,일식","식사모임,무료주차,고급스러운,저녁식사","이타마에 이자카야,일식","""여의도에서 자주 가는 단골 맛집입니다. 전 좌석이 룸으로 되어있어서 조용하게 대화나누며 먹을수있은 몇 안되는 애정하는 곳입니다. 접대나 회식하기 좋고 데이"""
구름산추어탕 여의도,4.4,"추어탕,보쌈","몸보신,주차,서민적인,저녁식사","구름산추어탕 추어탕,보쌈","""첫 국물 한숫가락이 일품이다 개인적으로 걸죽한 국물 보다 맑은 국물을 좋아하는데 어떤 음식들은 특성상 걸죽한 국물이 더 어울린다. 추어탕도 그렇다. 그런데 구름산 추어탕 국물은 더"""
아루히 니와 여의도,4.5,"오마카세,사케","데이트,무료주차,시끌벅적한,저녁식사","아루히 니와 오마카세,사케","""역시 스시오마카세는 한입한입 입에서 살살 녹는거같아요!! 개인별로 밥양 와사비양도 조절해주시고 필요한건 없는지 계속 물어봐주셔서 감사했습니다"""
교동전선생 여의도에스트래뉴점,4,"막걸리,모듬전","술모임,주차,시끌벅적한,저녁식사","교동전선생 여의도에스트래뉴점 막걸리,모듬전","""교동전선생은 어느 지점을 가나 다 10%씩 모자른 뭔가가 있다. 뭔지는 잘 모르겠지만 ㅡㅡ 이런저런 막걸리 골라마시며 적당히 식사도 되는 안주 먹기 좋은 집. 항상 다음날이 문제."""
향토 여의도,4.3,"보쌈,보쌈정식","회식,주차,푸짐한,저녁식사","향토 보쌈,보쌈정식","""문어가 딱 적당히 익혀나와서 질기지 않고, 같이 나오는 돼지고기도 퍽퍽하지 않아요~ 같이 나오는 쌈야채랑 김치랑 같이 먹으면 술이 술술 들어가네용 ㅎㅎ"""
삼거리푸줏간 IFC점,3.5,"삼겹살,고깃집","회식,무료주차,배달,저녁식사","삼거리푸줏간 IFC점 삼겹살,고깃집","""매장이 엄청 커서 웨이팅없이 먹을수 있는 몇 안되는 식당입니다. 돈까스와 된장말이밥 맛있어요. 사실 육회비빔밥이 진짜 맛있었는데 없어져서 자주 안가게 되네요"""
경천애인2237 여의도,4.8,"한우,소고기","식사모임,무료주차,배달,저녁식사","경천애인2237 한우,소고기","""한우집으로 매우 유명하고 맛있는집 입니다. 맛의 기준이 개인적으로 다르겠지만 제 생각으로는 서울에서 top3 안에 꼽히지 않을까 생각합니다. 특히 경천애인만의 치즈는 고기와 너무"""
모도우 여의도점,4.6,"한우,한정식","식사모임,무료주차,고급스러운,저녁식사","모도우 여의도점 한우,한정식","""전체 룸으로 되있어서 조용해서 좋구요 음식은 하나하나 정성스럽고 맛있었어요"""
삿뽀로블랙 여의도IFC점,4.9,"일식,스시","상견례,무료주차,고급스러운,저녁식사","삿뽀로블랙 여의도IFC점 일식,스시","""콘래드 호텔 지하에 있어서 포장해서 룸에서 먹기 좋아요 도시락 구성도 좋고 맛도 좋아요 가격도 비교적 합리적 직원분들 엄청 친절하고 포장은 음료수 서비스까지 추천합니다"""
대동문 여의도,3.6,"평양냉면,어복쟁반","식사모임,무료주차,서민적인,저녁식사","대동문 평양냉면,어복쟁반","""여의도에서 20년(25년정도) 이상 영업중인 평양음식 전문점입니다. 점심에는 김치말이밥 만두국 냉면 많이 드시고, 저녁에는 어복쟁반 중심으로 소주 한잔하면서 식사하는 곳입니다. 어"""
홍수계삼계탕 여의도BNK타워점,5,삼계탕,"가족외식,무료주차,배달,저녁식사",홍수계삼계탕 여의도BNK타워점 삼계탕,"""여의도 찐맛집이네요. 대기 많은 평일 낮에는 주차도 고작 1시간인데, 평일저녁은 2시간이고 주말주차는 3시간 무료입니다. 주말엔 IFC몰이나 더현대는 넘 복잡한데 여기는 주말에"""
이가네양꼬치 여의도점,5,"양꼬치,양갈비","술모임,시끌벅적한,예약가능,저녁식사","이가네양꼬치 여의도점 양꼬치,양갈비","""양갈비 진짜 맛있음 먹어본 양갈비 중 최고. 양꼬치도 다른 양꼬치 집이랑 다르게 고기가 두툼하고 실하고 냄새없고 굿굿. 실내가 넓어서 왠만함 웨이팅 없을것같고 직원분들 친절 여"""
뚝심한우 여의도,4.4,"한우,소고기","식사모임,무료주차,고급스러운,저녁식사","뚝심한우 한우,소고기","""여의도에서 대표적인 한우구이집. 매장이 넓고 아늑한 룸이 많아서 손님접대하기 좋은 곳. 고기의 질은 유명한 집답게 수준급. 점심메뉴는 갈비탕을 비롯해 대부분 중상급 이상. 유일한"""
삼씨오화 여의도점,3,"술집,PUB","회식,주차,예약,저녁식사","삼씨오화 여의도점 술집,PUB","""여의도에 위치한 삼씨오화. 요리주점이라 해서 음식이랑 술 페어링 해서 먹으면 좋을 곳. 조용하게 룸이 있어서 프라이빗하게 먹을 수 있다. 가격이 결코 싸지 않다. 초밥 플레이팅 굳"""
평안도만두집 여의도,5,"만두,어복쟁반","혼밥,주차,점심맛집,저녁식사","평안도만두집 만두,어복쟁반","""주문과 동시에 지져주시는 동태전이 맛나요. 만두도 양념된 고추랑 먹으면 맛나게 드실 수 있습니다. 어복쟁반에 소주 한잔하기에도 좋습니다."""
동방양고기 램 여의도,3,"양꼬치,양고기","회식,예약,포장,저녁식사","동방양고기 램 양꼬치,양고기","""여의도역 근처에서 가볍게 양갈비, 양꼬치를 즐길 수 있는 곳. 맛과 서비스는 평범. 기억에 남는 맛집은 아님."""
더플레이스 여의도IFC점,4,"파스타,피자","데이트,무료주차,캐주얼한,저녁식사","더플레이스 여의도IFC점 파스타,피자","""아이들 데리고 가서 폭탄피자 시켜줬는데 불 붙이는게 신기하다고 좋아했어요 근데 느끼하다고 다 먹진 못했습니다 피자뚜껑이 맛있다고 하네요 ㅎㅎ 파스타도 우아~는 아니지만 먹을만하고"""
맛있는남도 여의도,4,"보리굴비,남도음식","회식,점심맛집,저녁식사","맛있는남도 보리굴비,남도음식","""점심에 물회 먹고싶어서 찾아간곳 저녁식사가 주인거 같음"""
더미 여의도점,3.7,소고기구이,"회식,무료주차,캐주얼한,저녁식사",더미 여의도점 소고기구이,"""회식 때 처음가보고 여의도 최애 한우집으로 등극한 곳 한우 땡길 땐 무조건 더미로 갑니다"""
팔당반점 동여의도점,4,중식,"회식,주차,런치코스,저녁식사",팔당반점 동여의도점 중식,"""다 맛있다. 역시 사무실 밀집 지역은 맛있을 수밖에 없다"""
카레나이스 여의도,4.4,"돈까스버거,카페","아이동반,주차,배달,저녁식사","카레나이스 돈까스버거,카페","""야근에 먹었슺니다 여의도카레 맵찔이기준 맵습니다! 사이드메뉴 튀김이 아주 바삭바삭해요"""
차이797 여의도점,4.3,"중식,딤섬","돌잔치,무료주차,깔끔한,저녁식사","차이797 여의도점 중식,딤섬","""직화 쭈삼(쭈꾸미&삼겹살) 쟁반짜장을 강력히 추천합니다. 한마디로 표현하면 짜파구리의 진화된 최상위 버젼이라고 생각하시면 됩니다. 일단 짜장소스가 묽지 않고 탱글탱글한 면에 잘 코"""
대문집 여의도,4.7,"삼겹살,바싹불고기","혼밥,주차,서민적인,저녁식사","대문집 삼겹살,바싹불고기","""대오빌딩 지하에 멀리가기 싫어 동료들과 들렀다. 사무실 직원들이 대다수라고 할까 자리가 없을 정도이고, 가성비가 뛰어났다. 기대하지 않던 찌게가 맛들을 보는 순간"""
강릉엄지네꼬막집 여의도점,4.3,꼬막,"회식,주차,배달,저녁식사",강릉엄지네꼬막집 여의도점 꼬막,"""강릉 본점에서 먹고 부모님 맛 보여드리고 싶어 찾아간 곳, 맛은 같은것 같은데 매장이 협소하고 분위기는 그딕 좋진 않아서 아쉽지만 짱퉁어탕도 좋아하시고 맛있게 잘 드셨습니다! 포장"""
청식당 신송빌딩점,5,"부대찌개,미나리","주차,점심맛집,포장,저녁식사","청식당 신송빌딩점 부대찌개,미나리","""미나리 부대찌개 먹으러 갔는데 시원하고 국물도 일반 부대찌개집이랑 다른 약간 새로운맛이라서 더 맛있었어요"""
후라토식당 여의도직영점,4,"규카츠,오므라이스","데이트,무료주차,깔끔한,저녁식사","후라토식당 여의도직영점 규카츠,오므라이스","""🍀한줄평 : 혼밥석 있음, 웨이팅 있음, 규카츠 맛집, 오므라이스는 쏘쏘 벚꽃보기전에 주말 1시쯤 방문했는데 앞에 9팀 있었지만 대기시간은 그렇게 길지 않았어요. 대기석은 없습니"""
황태본가 여의도,3.8,"황태국,황태구이","해장,무료주차,서민적인,저녁식사","황태본가 황태국,황태구이","""건강검진 끝나고 속 든든하게 챙겨먹을수 있는 식당입니다. 황태국 맛남"""
혜비수참치 여의도,3.8,"참치,참치회","회식,무료주차,예약,저녁식사","혜비수참치 참치,참치회","""저녁식사하러 왔어요"""
해바라기 여의도,4.7,"삼겹살,김치통삼겹","술모임,지역주민이찾는,저녁식사","해바라기 삼겹살,김치통삼겹","""메인은 그저그래도 반찬이 다양하고 너무 맛있어요! 소주도 살얼음소주로 줌"""
포아시아 여의도,4,"쌀국수,분짜","데이트,주차,배달,저녁식사","포아시아 쌀국수,분짜","""분짜라붐의 분짜는 에머이보다 맛있음 쌀국수는 소이연남과 리틀파파포 중간정도의 육수로 딱 맛있음 그리고 모닝글로리는 한국에서 주문한 것 중 가장 간이 맞음 ㅋㅋ 이건 피쉬소스 많이"""
제육의 법칙 여의도점,4,"제육볶음,제육","혼밥,주차,배달,저녁식사","제육의 법칙 여의도점 제육볶음,제육","""제육이 크게 자극적이지 않고 무난하게 점심,저녁 식사 하기 좋은 곳이었어요~"""
서울깍두기 여의도,3.4,"설렁탕,도가니탕","해장,서민적인,저녁식사","서울깍두기 설렁탕,도가니탕","""여의도백화점 지하에 있는 서울깍두기 시원한 깍두기와 배추김치 정말 맛있었다. 설렁탕 국물은 맑으면서 푹 고아낸 맛을 가지고 있다. 깍두기 국물과 함께 설렁탕을 먹으면 맛이 더 좋"""
수티문 여의도,5,"파인다이닝,한식","데이트,무료주차,고급스러운,저녁식사","수티문 파인다이닝,한식","""정말정말 만족스러운 식사였습니다 플레이팅도 예쁘고 음식도 맛있고 양도 많았어요"""
본보야지 여의도,3.9,"파스타,한우스테이크","데이트,무료주차,깔끔한,저녁식사","본보야지 파스타,한우스테이크","""-가격대가 있는 레스토랑. 가격이 비싸긴 하지만 맛있음. -조용한 편이라서 30대 이상 소개팅을 많이 하는 듯. -음식 비주얼만 봤을 땐 기대가 없었으나 한 입 먹고 깜짝 놀람."""
스타벅스 여의도점,4.1,"커피,쉐이크","혼카페,무료주차,캐주얼한,저녁식사","스타벅스 여의도점 커피,쉐이크","""본격적인 여의도 스벅 도장깨기 시작 오전에 스타트는 스벅 여의도점에서부터~ 매장이 그리 크지않고 좌석 간격도 좁은데 오전부터 손님이 많다 콜드브루에 아침으로 먹을 버터바 주문"""
마마된장 여의도ifc몰,3.8,"한식,된장찌개","식사모임,무료주차,캐주얼한,저녁식사","마마된장 한식,된장찌개","""큐알코드 주문이라 살짝만 눌러도 그냥 바로 주문이 들어가져요 ㅡㅡ 결제"
여의도따로국밥 여의도,4.2,"국밥,따로국밥","혼밥,무료주차,서민적인,점심맛집","여의도따로국밥 국밥,따로국밥","""메뉴가 하나만 있어서 그런지 국밥 시키면 초스피드로 나옴 회전율이 좋아서 평일 점심으로 추천"""
비욘드비엣남 여의도공원점,4.3,"쌀국수,분짜","혼밥,주차,배달,점심맛집","비욘드비엣남 여의도공원점 쌀국수,분짜","""스벅투어하다 점심 먹으러 들린 비욘드비엣남. 근처에 지점이 몇개 더 있는듯한데 본점으로 네X버에 표기되서 여기로 왔다 처음에 입구가 있는지 몰라서 그냥 지나칠 정도로 구별이 안된"""
가양 칼국수 버섯매운탕 여의도,4.5,"칼국수,버섯","다코숨은맛집,식사모임,무료주차,점심맛집","가양 칼국수 버섯매운탕 칼국수,버섯","""사람이 점심시간대에 몰리긴 하는데 별관이 있어서 회전이 빨라요. 버섯이랑 미나리를 계속 리필해서 먹을 수 있고 주방에 부탁하면 감자랑 양파도 더 주십니다. 버섯과 얼큰한 국물이 잘"""
비욘드비엣남 국회의사당점,4.7,"쌀국수,베트남음식","식사모임,무료주차,배달,점심맛집","비욘드비엣남 국회의사당점 쌀국수,베트남음식","""베트남 음식 맛집이에요 ! 매장 분위기도 좋고 사장님도 친절하세요 볶음밥 쌀국수 꼭 드셔보세요 ㅎㅎ"""
허슬네 여의도,5,"집밥,한식","혼밥,캐주얼한,점심맛집","허슬네 집밥,한식","""방탄소년단 고퀄 액자와 다양한 굿즈 그리고 맛있는 밥이 있는 곳임 사장님 친절하심 재방문의사있음"""
오늘은즉떡 여의도,4.5,"떡볶이,즉석떡볶이","식사모임,서민적인,포장,점심맛집","오늘은즉떡 떡볶이,즉석떡볶이","""즉떡은 진리! 들어갈거 다 들어가고 양념도 맵지않고 맛있습니다. 개인적으로는 조금 매우면 더 맛있을것같은데 아주 대중적인 즉떡 맛이예요. 감튀 맛있습니다~ 매장이 넓진않고 회전"""
돈이찌 IFC몰점,4.6,"라멘,규동","데이트,주차,점심맛집,포장","돈이찌 IFC몰점 라멘,규동","""진짜넘 맛있어서 여러번간곳.. 스테이크덮밥 필수에 라멘하나 필수입니다..주변갈때마다 먹는곳..!!"""
신희초밥 여의도,3.8,,"가족외식,무료주차,배달,점심맛집","신희초밥 스시,활어초밥","""여의도에 직장인들이 가는 식당들이 정말 많은데요.초밥집들도 엄청 많아요~ 소개로 알게되서 방문을 하게 되었는데, 숨겨진 맛집을 찾은 기분입니다ㅡㅎㅎ 밥양도 적고 생선회는 도톰하니"""
하동관 여의도역점,4.2,"곰탕,한우곰탕","혼밥,무료주차,서민적인,점심맛집","하동관 여의도역점 곰탕,한우곰탕","""명동에 있는 곰탕집 하동관 여의도 직영점입니다. 맑은 국물에 부드러운 고기가 인상적인 곰탕입니다. 보통보다는 특으로 주문을 하면 내포를 섞어서 주문을 할수가 있는데 부드럽고 잡"""
하동관 여의도직영1호점,4.2,"곰탕,한우곰탕","혼밥,무료주차,깔끔한,점심맛집","하동관 여의도직영1호점 곰탕,한우곰탕","""본점보다는 집에서 가까워서 방문하기 시작하였으나, 주차가 가능하고 본점보다 분비지 않아서 자주 이용중. 한달에 한번이상 먹어야해요:)"""
카레오 여의도,4.4,"카레,일본식카레","혼밥,주차,배달,점심맛집","카레오 카레,일본식카레","""항상 평일 점심에 줄을 길게 서서 먹는 맛집인데, 주말에 11시에 가니까 다행히 들어갈수 있었어요. 카레가 진하고 맛있네요. 스팸치즈카츠도 넘 맛있었어요!"""
별미볶음점 2호점,4.3,"제육볶음,볶음","수요미식회,식사모임,주차,점심맛집","별미볶음점 2호점 제육볶음,볶음","""직장인들이 넘쳐나는 곳에서 살아남은 식당이다. 흔한 직화 볶음이지만 한 끼 든든하고 맛있고 그럭저럭 때우기에 좋다. 직장인 맞춤형 식당이랄까 간이 실짝 세지만 짜지 않고 적당히 매"""
청수우동메밀냉면 여의도,3.6,"메밀국수,메밀","혼밥,무료주차,서민적인,점심맛집","청수우동메밀냉면 메밀국수,메밀","""메밀국수와 우동면이 맛이 순하고 맛있고 깔끔한 집입니다. 여름에는 메밀, 겨울에는 우동 먹으러 자주 갑니다. 추천합니다!"""
아이엠베이글 여의도점,4.8,"베이글,브런치","혼밥,주차,배달,점심맛집","아이엠베이글 여의도점 베이글,브런치",
모모돈까스 여의도,4.2,"돈까스,치즈돈까스","혼밥,무료주차,배달,점심맛집","모모돈까스 돈까스,치즈돈까스","""여의도 돈까스 맛집이라 해서 점심식사로 방문. 돈까스는 바삭했고, 세트에 같이 나오는 우동이 제법 실하다. 홀 서빙 직원이 무척 친절해서 좋았다. 또 갈 수 있는 곳"""
마초갈비 여의도공원점,3.8,"고깃집,갈비","회식,무료주차,캐주얼한,점심맛집","마초갈비 여의도공원점 고깃집,갈비","""점심식사에 가끔 갑니다."""
정인면옥 여의도,4,평양냉면,"생활의달인,식사모임,무료주차,점심맛집",정인면옥 평양냉면,"""위생 좋고 만두국은 괜찮았아요 전 깔끔함보단 묵직한 맛을 좋아해서 평양냉면은 잘 안맞았는데 면발은 좋았습니다 냉면 내 부속 고기는 조금 잡내 있었어요. 한우아롱사태수육을 기대했는데"""
권수산 여의도,4,"횟집,회정식","회식,주차,점심맛집,룸식당","권수산 횟집,회정식","""여의도 롯데캐슬 바로 뒤 지하에 있는 횟집. 스페셜모둠회가 20만원 정도니 1인당 5만원 정도... 싼 가격은 아니지만 여의도에서 룸잡고 먹는 비용이라고 생각하면 나쁘지는 않음."""
르프리크 캐주얼 더현대서울,4.4,"치킨버거,수제버거","혼밥,무료주차,캐주얼한,점심맛집","르프리크 캐주얼 더현대서울 치킨버거,수제버거","""성수동은 매번 최소 한시간씩 웨이팅하면서 먹었는데 접근성 좋게 먹을 수 있어서 좋아요. 늘 맛있어요."""
불스버거 여의도,4,"수제버거,햄버거","혼밥,주차,배달,점심맛집","불스버거 수제버거,햄버거","""이국적인 인테리어에 키오스크로 간편하게 주문할 수 있어 좋았어요 처음 방문이라 시그니처 불스버거세트를 주문했는데 패티도 고기향과 육즙 가득하고 하라피뇨와 채소 토마토까지 정말 간도"""
뚱언니김밥 여의도,5,"분식,김밥","혼밥,점심맛집,셀프코너","뚱언니김밥 분식,김밥","""지하에있지만 항상 사람이 많다 모든메뉴 두루두루 맛나다"""
송 더현대서울점,3.6,"우동,메밀국수","식사모임,무료주차,깔끔한,점심맛집","송 더현대서울점 우동,메밀국수","""김치냄비우동 몹시 뜨겁지만 맛있어요 주문하자마자 바로 나와요 직원분들 몹시 친절하고 매장이 깔끔해요 튀김이 바삭하고 맛있어요"""
스아게 여의도점,3.7,"카레,스프카레","식사모임,주차,배달,점심맛집","스아게 여의도점 카레,스프카레","""여의도 직장인들의 점심 맛집."""
남기분면 IFC몰점,4.5,"쌀국수,홍콩식","혼밥,캐주얼한,점심맛집","남기분면 IFC몰점 쌀국수,홍콩식","""마라미엔과 산라미엔 즐겨 먹는데 항상 기본 이상은 해서 좋습니다. 셀프여서 먹을만큼 갖다 먹어도 되고 야근하다가 와서 먹고 가기 좋네요."""
왕왕수제비 여의도롯데캐슬점,4.2,,"혼밥,서민적인,점심맛집","왕왕수제비 여의도롯데캐슬점 수제비,보리밥","""양이 엄청 많아요! 둘이서 각각 하나씩 시켜서 나눠먹었는데 맛있었습니다! 점심메뉴로 추천👍🏻"""
본토박이 여의도,4.2,"쌈밥,제육쌈밥","전지적참견시점,술모임,시끌벅적한,점심맛집","본토박이 쌈밥,제육쌈밥","""여의도 22년차 직장인으로서 저녁때 소주에 삼겹살 먹으러 자주 가는 곳. 점심식사하러 간만에 가려고 그동안의 리뷰를 보니 살짝 걱정됨. 하지만 리뷰와는 달리 사장님 붙임성 좋으시고"""
판다익스프레스 IFC몰점,3.6,"오렌지치킨,미국","혼밥,무료주차,캐주얼한,점심맛집","판다익스프레스 IFC몰점 오렌지치킨,미국","""아메리칸 차이니즈 푸드 먹고 싶을 때 가기 좋아요 미국에서 먹었던 맛이랑 비슷해요 객관적으로 맛있다는 맛은 아니지만 추억의 맛, 초딩입맛에겐 좋을 듯"""
김명자굴국밥 여의도,5,"굴국밥,콩국수","해장,주차,점심맛집,반려동물동반","김명자굴국밥 굴국밥,콩국수","""국물 진하고 굴도 많이 들어감. 굴국밥 맛집. 같이 나오는 부추가 잘 어울림."""
해담온 여의도,4.4,"돈까스,연어덮밥","혼밥,주차,배달,점심맛집","해담온 돈까스,연어덮밥","""미팅갔다가 우연히 방문했는데 맛집이네요. 또들릴게요 잘먹고갑니다."""
리샨 여의도점,3.9,"짜장면,차돌짬뽕","식사모임,주차,깔끔한,점심맛집","리샨 여의도점 짜장면,차돌짬뽕","""점심 먹으러 공주와 들린 리샨 주말이라그런지 조금 늦은 점심이라그런지 한산해서 처음엔 문 닫은줄... 텅텅비어있는데 예약했냐고만 묻더니 자리 지정해서 딴데도 못 앉게 강제..."""
수백당 여의도점,5,"순대국,순대전골","식사모임,주차,배달,점심맛집","수백당 여의도점 순대국,순대전골","""여의도에 엄청난 순대집이 나타났다 내공이 장난 아니라 물어봤더니 경상도에서 올라왔단다. 주변 왠만한 순대집들 다 잡아먹을듯 화목순대국, 병천순대 긴장해야 될듯 하다 셀프 디저트"""
거창왕돈가스 여의도,3.8,돈까스,"혼밥,주차,서민적인,점심맛집",거창왕돈가스 돈까스,"""너무 기대를 한 탓인가. 맛집보다는 밥집에 가깝다. ㅠㅠ 돈까스는 크기가 정말 크다. 잘먹는 성인 남자들이 좋아할듯. 개인적으로 고기가 더 두꺼우면 좋겠고 먹다보면 퍽퍽함이 느껴져"""
백암왕순대 여의도,4.7,"순대국,순대","술모임,무료주차,서민적인,점심맛집","백암왕순대 순대국,순대","""고기상태 정말 좋습니다 정말 맛있게 잘 먹었습니다 저녁에 술한잔 하기좋네요"""
판동면옥 여의도점,4.2,"냉면,평양냉면","식사모임,무료주차,깔끔한,점심맛집","판동면옥 여의도점 냉면,평양냉면","""공주와 여의도공원에서 놀다가 점심 먹으러 들린 판동면옥 여의도점 갈비탕에 냉면이 뜨겁고 차가움을 모두 느낄수 있으니 갈비탕에 냉면 주문 공주가 만두 먹고싶대서 반접시 같이 주문"""
장호왕곱창 여의도,4,"김치찌개,곱창","해장,점심맛집,포장","장호왕곱창 김치찌개,곱창","""시그니처 메뉴인 짤라~ 수육처럼 부드럽고 술안주엔 딱 좋습니다 가격은 조금있어서 가볍게 한병만~ㅎㅎ"""
백소정 여의도점,5,"마제소바,돈카츠","혼밥,배달,점심맛집,포장","백소정 여의도점 마제소바,돈카츠","""진짜마제소바랑 돈까스 맛있구요 저는 여기 연유떡먹으러 와요ㅠㅜㅠ 최고"""
카츠카츠 여의도,4.1,"돈까스,김치나베","혼밥,주차,캐주얼한,점심맛집","카츠카츠 돈까스,김치나베","""적당한 가격에 맛좋은 카츠와 나베류를 먹을 수 있습니다. 특히 점심에만 먹을 수 있는 치즈김치나베가 인기네요"""
동우 황태북어국 여의도,4.4,"황태,북어국","혼밥,주차,서민적인,점심맛집","동우 황태북어국 황태,북어국","""깔끔하고 아주 맛있음, 여의도 물가에 가격도 적정한 곳"""
예성가든 여의도,4.6,"샤브샤브,간장게장","식사모임,주차,점심맛집,대형룸","예성가든 샤브샤브,간장게장","""갈비탕 단품을 주문했는데 반찬이 푸짐하게 나와서 좋았습니다. 국물은 다소 기름진 편이지만 맛이 나쁘진 않습니다."""
서평옥 여의도점,2.8,"소갈비찜,육전냉면","혼밥,주차,배달,점심맛집","서평옥 여의도점 소갈비찜,육전냉면","""여의도 점심시간이라 사람이 많지만 갈비찜은 맛이 없어요! 둘 차이도 모르겠고 질기기만 하고 양념은 별로였어요.. 사실 정식도 아닌거 같은데 왜 정식이라고 이름 붙이는지도 모르겠네요"""
청정밀 들깨 수제비 여의도,4.2,"바지락칼국수,들깨수제비","혼밥,점심맛집","청정밀 들깨 수제비 바지락칼국수,들깨수제비","""양 진짜 많아요,,, 맛은 평타이상입니다. 맛있어요. 조용하고 편하게 먹다왔어요! 열무보리비빔밥으로 입맛끌어올리고!"""
오한수 우육면가 여의도,3.8,"우육탕면,중식당","생활의달인,식사모임,캐주얼한,점심맛집","오한수 우육면가 우육탕면,중식당","""홍콩우육탕면은 살짝 한국패치된 맛이지만 깔끔하니 맛있었고 양곱창탕면은 살짝 특유 내장 향이 나긴 했습니다 우육탕면도 맛있지만 만두가 찐이에요! 바삭촉촉 진짜 맛있습니다"""
콘부 더현대서울,3.8,"라멘,마제소바","혼밥,무료주차,캐주얼한,점심맛집","콘부 더현대서울 라멘,마제소바","""저번에 방문 했을 때 맛있어서 또 방문했어요! 더현대 사람이 너무 많아서 주문 전 자리먼저 잡는게 필수 입니다. ❗️ 점심 시간엔 사람이 많아서 자리 잡고 주문해야 하고, 주문 후"""
조가네 닭한마리 여의도,3.2,닭요리,"술모임,서민적인,점심맛집",조가네 닭한마리 닭요리,"""친구가 맛있다고해서 갔는데 역시나 맛은 최고…..! 마늘 듬뿍 들어가있어서 깔끔하고 국물이 끝내줌 ㅠㅠ 떡 사리 너무 맛잇어서 떡 사리 두 번 추가하고 .. 메뉴판에는 없지만 감자"""
퍼틴 여의도IFC몰점,5,"왕갈비쌀국수,베트남음식","혼밥,무료주차,캐주얼한,점심맛집","퍼틴 여의도IFC몰점 왕갈비쌀국수,베트남음식","""직화 쌀국수가 기본인데 아주 맛있습니다. 매운쌀국수는 많이 매워요. 면이 다른 쌀국수집보다 부드러워요. 마늘절임 같은게 나오는데 이게 또 한 몫합니다. 세번째 방문인데 갈때"""
영원식당 여의도,4,"수제비,감자전","식객허영만의백반기행,혼밥,서민적인,점심맛집","영원식당 수제비,감자전","""여의도에서 수제비로 유명해서 알고는 있었지만 못 가봤던 영원식당 이제야 가봤다ㅋ 날이 풀려서 여의도 한강공원 가족나들이 갔다가 점심 먹으러 들렸다 공주는 수제비 엄빠는 낚지볶음"""
연화숯불구이 여의도,5,"차돌박이,꽃등심",점심맛집,"연화숯불구이 차돌박이,꽃등심","""점심 식사로 안성맞춤인 연화숯불구이에요!"""
오미식당 여의도,3.7,"덮밥,연어덮밥","혼밥,주차,깔끔한,점심맛집","오미식당 덮밥,연어덮밥","""IFC몰 안에 있고 웨이팅이 많지 않아 방문했는데 맛이 멊진 않은데 엄청 맛있지 않고 뭔가 애매하다고 해야하나? 연어덮밥 맛있는데 다 먹고났는데 배가 다 안찼어요 양이 적습니다"""
용설왕족발 여의도,5,"족발,칼국수","해장,서민적인,점심맛집","용설왕족발 족발,칼국수","""가성비가 진짜 좋아요 ㅠㅠ족발도 야들야들 너무 맛있고 저녁에도 한 번 방문하고싶어요 여의도 직장인이라면 무조건 가보시길 추천요"""
이도 맨숀 여의도,4,"소고기,한우","회식,발렛파킹,고급스러운,점심식사","이도 맨숀 소고기,한우","""고기를 달궈진 작은 돌 위에 직접 구워먹을 수 있는 메뉴를 선택했는데 갈수록 돌이 식어서 난감했습니다. 맛은 평범하며 이도맨숀에 갈 때마다 가격에 거품이 있다고 생각됩니다. 다만"""
고려정 여의도,5,"차돌박이,막창","백년가게,술모임,무료주차,점심맛집","고려정 차돌박이,막창","""지인추천으로 가게된 여의도에서 오래된 차돌박이 맛집. 선릉 봉산집이 140g에 34,000원인데 반해 150g 에 25,000 원으로 비교적 저렴. 두께는 거의 비슷하나 처음 나오"""
무끼 여의도,4.3,"보리굴비,굴비","접대,무료주차,깔끔한,점심맛집","무끼 보리굴비,굴비","""여의도에 위치한 영광 법성포 보리굴비집이다 저녁에는 술안주를 위해 회 등 여러가지 메뉴들을 취급하는데 점심에는 단품으로 보리굴비만 판다 여의도의 대부분 식당들처럼 건물 지하에 위치"""
마츠노하나 더현대서울점,3.7,"텐동,튀김","데이트,무료주차,시끌벅적한,점심맛집","마츠노하나 더현대서울점 텐동,튀김","""더현대 갈때마다 가는 맛집 식사시간대가면 웨이팅 있어요 ( 최소 20~ 30분 ) 연어가 두껍고 부드럽고 지이인짜 맛있습니다 👅"""
써니즉석떡볶이 여의도,3.2,"떡볶이,즉석떡볶이","식사모임,캐주얼한,점심맛집","써니즉석떡볶이 떡볶이,즉석떡볶이","""버갈튀 필수로 드셔야 하고요! 떡볶이가 안 매워서 맵찔이도 가능"""
일호면옥 영등포,4,"냉면,함흥냉면","혼밥,주차,서민적인,점심맛집","일호면옥 냉면,함흥냉면","""처음에 물 대신 육수? 같은 게 나와서 독특하다고 생각했어요! 비빔냉면을 먹었는데 양념이 자극적이지 않아 좋았고 내부가 깔끔해서 편하게 식사하고 왔습니다!"""
농농 여의도,4.6,"쌀국수,베트남음식","식사모임,주차,배달,점심맛집","농농 쌀국수,베트남음식","""똠양꿍 쌀국수 맛집이에요! 제가 똠양꿍을 잘 먹지 못 하는데 여기는 한국인의 입맛에 알맞게 잘 맞춰서 끓여시는 것 같아요! 같이 주문한 텃만꿍이랑 해물 팟타이도 정말 맛있었어요!"""
만나손칼국수 여의도,5,"칼국수,손칼국수","해장,주차,얼큰,점심맛집","만나손칼국수 칼국수,손칼국수","""건물 지하에 있는 작은 매장입니다. 점심시간에는 사람이 많이 몰리는데 회전이 빨라 오래 기다리진 않아도 되고 손칼국수만 주문 가능합니다. 간단하게 푸짐히 먹을 수 있는 맛집이에요."""
기소야 여의도점,4.8,"돈까스,김치우동","해장,배달,얼큰,점심맛집","기소야 여의도점 돈까스,김치우동","""가쯔나베가 짜지 않고 너무 맛있어요! 샐러드도 맛있고 팽이버섯이 들어가있어서 더욱 맛있습니다! 촉촉한 돈까스를 좋아하시면 강추!"""
쿠사 여의도,3.8,"일본가정식,남방즈케","식사모임,캐주얼한,점심맛집","쿠사 일본가정식,남방즈케","""사케동 깔끔, 자리 적당해서 점심 시간 웨이팅 있지만 회전율 높음"""
신안홍탁 여의도,,,"해장,주차,점심맛집,포장",,
양산도 여의도점,5,"히츠마부시,사케동","몸보신,주차,배달,점심맛집","양산도 여의도점 히츠마부시,사케동","""맛있어서 자주 가는 맛집입니다. 히츠마부시의 장어가 맛있고 밑반찬도 훌륭합니다. 항상 만족하는 맛집입니다."""
제주은희네해장국 여의도역점,4.8,"해장국,선지","혼밥,주차,서민적인,점심맛집","제주은희네해장국 여의도역점 해장국,선지","""제주은희네해장국집이 프렌차이즈로 여기저기 점포를 열었지만 맛이 조금씩 다름. 하지만 여기는 맛 괜찮은 편임. 하지만 제주은희네해장국은 선지+콩나물+고기+다데기가 다 섞여있는 맛이라"""
스시란 여의도,5,"스시,연어롤","혼밥,예약,예약필수,점심맛집","스시란 스시,연어롤","""매장이 작아요 예약은 필수입니다 롤이 정말 맛있어요 특히 아보카도가 들어있는 다이너마이트롤과 스파이시참치롤 강추"""
이와타 여의도,3.5,"라멘,쇼유라멘","혼밥,무료주차,이국적/이색적,점심맛집","이와타 라멘,쇼유라멘","""라멘 2개 모두 느끼하지 않고 맛있었어요. 특히 쇼유 라멘은 국물이 짜지 않고 깔끔하게 맛있었어요. 깊은 맛의 라멘을 먹으러 자주 가는 맛집입니다!"""
팔당반점 여의도점,3.3,"짜장면,중화요리","식사모임,주차,캐주얼한,점심맛집","팔당반점 여의도점 짜장면,중화요리","""여의도 점심식사를 했습니다..여의도 점심식사"""
함경진순대 국회의사당역점,3.7,"순대국,순대","해장,주차,시끌벅적한,점심맛집","함경진순대 국회의사당역점 순대국,순대","""건더기는 좀 불만스럽게 들었는데 국물맛이 묘하다. 흔히 먹는 순대국과는 결이 좀 다른 국물. 한끼 먹기엔 충분한 집. 또 가라면 글쎄요? ㅎㅎ"""
주옥발 여의도,4.6,족발,"식사모임,주차,배달,점심맛집",주옥발 족발,"""먹어본 보쌈 중 가장 맛있었습니다. 반찬도 다양하고 빠짐없이 다 맛있었어요! 행복한 식사였습니다👍 쌈도 무한리필이에요!"""
쌍대포맷돌순두부 여의도,4.7,"순두부,순두부찌개","혼밥,주차,점심맛집","쌍대포맷돌순두부 순두부,순두부찌개","""해물이 생각보다 많이 들어있다. (오징어, 바지락, 꽃게, 알새우) 반찬이 다양하고 파래김이 맛나다! 너무 짜지도 맵지도 않고 오히려 살짝 단맛이 느껴지는 무난한 순두부찌개였다."""
오봉집 서여의도점,3.2,"낙지볶음,낙지","회식,주차,서민적인,점심맛집","오봉집 서여의도점 낙지볶음,낙지","""회식, 삼삼오오 술자리하기 좋은 곳입니다~ 몇 번이나 방문한 곳이고 갈"
번패티번 더현대서울점,3.9,수제버거,"데이트,무료주차,캐주얼한,점심",번패티번 더현대서울점 수제버거,"""점심시간에 자리 구하기가 정말 어려움...자리가 좁아보이지만 안쪽에 테이블들이 많이 있고, 점심시간엔 근처 직장인들도 많이 와서 혼밥하는 것 같다."""
호우섬 여의도,4,"홍콩식,중식당","데이트,무료주차,이국적/이색적,점심","호우섬 홍콩식,중식당","""딤섬이 진짜 엄청 맛있음!!!! 꿔바로우도 느끼하지 않고 맛있고 다른나라에서 호우섬 가봤는데 확실히 한국에서 먹으니까 한국인들 입맛에 맞춰져서 그런지 한국에서 먹는게 더 맛있었음"""
훠궈야 여의도IFC몰점,4.2,"훠궈,샤브샤브","식사모임,무료주차,캐주얼한,점심","훠궈야 여의도IFC몰점 훠궈,샤브샤브","""점심시간 회식으로 괜찮습니다...여의도 ifc몰에 있는 훠궈야 점심 훠궈 세트를 주문하면 꿔바로우와 볶음밥을 맛볼수 있다..점심에 12시에 가면 30분 대기해야함ㅜ..얼하게 점심식사로 먹기 좋은 훠궈야."""
강호연파 밥굽남 더현대서울점,4.5,"샤브샤브,소고기샤브샤브","혼밥,무료주차,깔끔한,점심","강호연파 밥굽남 더현대서울점 샤브샤브,소고기샤브샤브","""혼자 부담스럽지 않게 먹을 수 있고 둘이와도 대화나누면서 먹는데 불편하지 않아요 워낙 백화점 음식이 비싸다보니 가격대비 괜찮았어요ㅎㅎ"""
브로트아트 여의도,4.4,"독일빵,빵집","생활의달인,간식,배달,점심","브로트아트 독일빵,빵집","""딸기케이크 진짜 맛있어요.. 서래케이크보다 마싯음… 위치가 역에서도 좀 멀어서 교통편이 아쉬운데 주택가라 끊임 없이 사람들 나왔다 들어갔다 근처 거주민들 이런 빵집이 동네에 있다니"""
오락 여의도,4.1,"떡볶이,즉석떡볶이","간식,무료주차,지역주민이찾는,점심","오락 떡볶이,즉석떡볶이","""회사 점심시간에 방문했는데 즉떡먹고 싶을때 가성비 있게 먹기 좋아요!!..간단히 점심으로 먹기 좋다."""
아웃백스테이크하우스 여의도점,4.2,"스테이크,투움바파스타","데이트,무료주차,캐주얼한,점심","아웃백스테이크하우스 여의도점 스테이크,투움바파스타","""서비스가 친절하고 음식도 맛있었어요 런치 스페셜로 먹었는데 스테이크와 파스타 모두 맛있게 잘 먹었습니다."""
흑돈가 여의도점,3.7,"삼겹살,오겹살","식사모임,무료주차,배달,점심","흑돈가 여의도점 삼겹살,오겹살","""점심에 예약하고 가니 바로 착석 가능했고 가성비 좋게 양도 푸짐하고 쭈꾸미도 맛있었다."""
소이연남 브라이튼여의도점,4,"쌀국수,소고기쌀국수","해장,주차,배달,점심","소이연남 브라이튼여의도점 쌀국수,소고기쌀국수","""주로 2인 좌석이라 3인부터 점심 웨이팅 김"""
온더보더 여의도IFC점,4.1,"타코,퀘사디아","식사모임,무료주차,캐주얼한,점심","온더보더 여의도IFC점 타코,퀘사디아","""점심때는 웨이팅이 있으니 저녁을 추천해요"""
알로하포케 IFC몰점,4,"포케,샐러드","다이어트식단,무료주차,배달,점심","알로하포케 IFC몰점 포케,샐러드","""평일 점심에 방문했더니 사람이 많지 않아서 편안한 분위기 속에서 포케를 맛있게 먹을 수 있었네요."""
피자팬팬 여의도,3.9,"피자,시카고피자","혼밥,주차,배달,점심","피자팬팬 피자,시카고피자","""서울에서 맛보는 색다른 디트로이트 피자 장점 - 바삭한 크러스트가 매력적인 디트로이트 피자 - 치즈 풍성한 시카고 피자 단점 - 소규모 매장 특성상 테이블이 작음."""
마유유 마라탕 더현대서울점,4.5,중식당,"혼밥,무료주차,캐주얼한,점심",마유유 마라탕 더현대서울점 중식당,"""더현대 놀러간 김에 마라탕 먹어봤는데 맛있네요 샐프바도 있긴한데 저는 그냥 시켰고요 셀프바 마라탕, 샹궈는 얼마 이상만 된다고 하니 참고하세요(제 기억상 샹궈:18000원/마라탕은"""
오토김밥 여의도점,4.7,"김밥,닭강정","혼밥,무료주차,배달,점심","오토김밥 여의도점 김밥,닭강정","""요즘 캐주얼한 신상맛집 오토김밥!! 혼밥 가능&편하고 주문하면 엄청 빨리 나와요. . 김밥도 너무 맛나고 닭강정이 진짜진짜 맛있어요 특히 닭강정이 맛있어요!! 너무달지않고"""
렐란디 여의도,4.6,"샌드위치,샐러드","혼카페,주차,배달,점심","렐란디 샌드위치,샐러드","""양도 푸짐해서 점심으로 간단히 먹기 좋아요"""
퍼부어 더현대서울점,4.2,"쌀국수,베트남음식","데이트,무료주차,이국적/이색적,점심","퍼부어 더현대서울점 쌀국수,베트남음식","""평일인데도 점심시간에 대기 있어요..평일 점심기준 웨이팅 없이 들어가요"""
잠수교집 여의도점,4.6,"냉동삼겹살,고기집","술모임,시끌벅적한,점심","잠수교집 여의도점 냉동삼겹살,고기집","""생상겹을 급랭해서 썰은 삽겹살 고기의 질이 좋아 그냥 먹어도 맛나요 ~~ 다양한 반찬과 분위기가 좋아 손님이 많네요 반찬은 리필이 되니 맘껏 드세요 ㅋ 얼큰순두부는 맵기만 해요"""
퍼스트플러스에이드 여의도,4.1,"브런치,샐러드","다이어트식단,주차,배달,점심","퍼스트플러스에이드 브런치,샐러드","""맛도 재료도 좋고 건강식이나 가격이 많이 비싼편, 점심 때 웨이팅 있음"""
란나타이 여의도,3.6,"태국음식,팟타이","식사모임,주차,이국적/이색적,점심","란나타이 태국음식,팟타이","""늦게 점심먹으러 온 란나타이 직장인들 점심시간이 지난 시간에 왔더니 손님이 아무도 없다 혼자 전세내고 먹는 느낌이란게 이런걸까ㅋㅋ"""
상은북어국 여의도,4.7,"동태탕,북어국","혼밥,서민적인,점심","상은북어국 동태탕,북어국","""가장 손님 많은 평일 점심11시30분임에도."""
희정식당 여의도,3.8,"부대찌개,티본스테이크","수요미식회,식사모임,서민적인,점심","희정식당 부대찌개,티본스테이크","""위치하고(주차장 없음) 조금 이른 점심 시간이지만 여의도 직장인들에게 소문난 곳이라 남은 한 자리에 앉자 마자 ..이른 점심시간에 가서 밥도 갓해서 나왔는데 밥도 맛있었음...부대찌개가 특별하지 않아도 그동안 다녀간 수많은 직장인들의 점심 저녁의 시간이 녹아있는 곳."""
테일러커피 더현대서울점,4.5,"커피,카페","혼카페,무료주차,깔끔한,점심","테일러커피 더현대서울점 커피,카페","""점심에 방문 했는데 너무 사람이 많아서 테이크아웃 했어요!..직장인들이 점심에 커피 사먹기 좋은 곳."""